region,energy_ratio,elevation,2,1,0
OA,1.639344262295082,2.0,-0.2779241278543627,3.6613207593241497,-20.400084221754014
OA,1.639344262295082,5.0,-91.00226908401869,1374.9246311834295,-5201.214158053643
OA,1.639344262295082,6.0,-0.04600181954053846,0.841141625249648,-8.187610211418615
OA,1.639344262295082,7.0,-0.4854290526394763,6.397281234387475,-24.19390624835512
OA,1.6666666666666667,2.0,0.10268106102963621,-1.5300893676144258,-0.16792282637166428
OA,1.6666666666666667,4.0,0.16311160898453303,-2.3740034991214847,1.7415441605639597
OA,1.6666666666666667,5.0,-0.017779227653935047,0.2856101724980855,-3.170684235375557
OA,1.6666666666666667,6.0,-0.0970415388333987,1.2329439138375733,-5.54408169032255
OA,1.6666666666666667,7.0,-0.3803882002372248,4.773260328335071,-16.93752144952561
OA,1.6666666666666667,8.0,-0.31619180944208314,3.696626581343101,-13.848712591782295
OA,1.694915254237288,1.0,-0.043782549449656455,0.8425325861535575,-9.265717514362212
OA,1.694915254237288,3.0,-0.08545371506189303,1.1409371291035666,-9.62075360420745
OA,1.694915254237288,4.0,0.02556455556050561,-0.4027886958970231,0.05332303961432755
OA,1.694915254237288,5.0,-0.011827279705230998,0.05929209204694283,-0.9411598146900342
OA,1.694915254237288,6.0,-0.055005954053076594,0.6141556579644398,-2.9256084265296822
OA,1.694915254237288,7.0,-0.16114975926628758,1.9208950852791935,-7.299669232816754
OA,1.694915254237288,8.0,-0.393752710286653,4.784279623881146,-16.614664316975606
OA,1.694915254237288,9.0,-0.41680294183999833,4.430215089186612,-15.231674494831601
OA,1.7241379310344827,0.0,-0.027276981642961794,0.5108270854734372,-7.742634224820847
OA,1.7241379310344827,1.0,0.026780870980088266,-0.5516292285504014,-3.3651269751882067
OA,1.7241379310344827,2.0,-0.05591197875057055,1.0096793258749384,-7.0807755203183165
OA,1.7241379310344827,3.0,0.0020303787034178524,-0.08551335630509567,-0.5354761120834586
OA,1.7241379310344827,4.0,0.00034192300784551953,-0.13995296330348855,0.08644667988175143
OA,1.7241379310344827,5.0,-0.008266386279610526,0.0004947583052594772,-0.44519692308823455
OA,1.7241379310344827,6.0,-0.024109887350112276,0.18867661949498174,-1.2276622105229478
OA,1.7241379310344827,7.0,-0.0749930305539389,0.7894484188891906,-3.2867527351680472
OA,1.7241379310344827,8.0,-0.32266491737370484,3.896782752643789,-13.37770436462517
OA,1.7241379310344827,9.0,-0.38496828910328384,4.55887589326876,-15.90666026070177
OA,1.7241379310344827,10.0,-7.75436344739845,11.973146385021618,164.01333052889942
OA,1.7543859649122806,0.0,0.013971145030039076,-0.1572944436573411,-2.879921967378167
OA,1.7543859649122806,1.0,-0.015263825456162833,0.29925450820581034,-2.646687470359907
OA,1.7543859649122806,2.0,-0.005774135317525389,0.013590424017212211,-0.5581060191394618
OA,1.7543859649122806,3.0,0.011072882326027298,-0.26723615426692215,0.6233677986434755
OA,1.7543859649122806,4.0,0.00993618779268288,-0.2622476655882613,0.6735530971355371
OA,1.7543859649122806,5.0,-0.006008404380616544,-0.0006098271959195255,-0.33185360251586987
OA,1.7543859649122806,6.0,-0.0004520240825400146,-0.12878028581506157,0.04616049883807454
OA,1.7543859649122806,7.0,-0.03422880558623245,0.27951986834976106,-1.4546350151100782
OA,1.7543859649122806,8.0,-0.11309183808395787,1.2488899291452635,-4.755155555467486
OA,1.7543859649122806,9.0,-0.36230405329464643,4.335084100834763,-14.770403707218058
OA,1.7543859649122806,10.0,-0.6965111960805428,8.10640778394486,-26.309889310409496
OA,1.7857142857142858,-1.0,0.01878255480545228,-0.2052497472515855,-2.2341881585865497
OA,1.7857142857142858,0.0,-0.0023657024286644675,0.02930974977798957,-0.8305137338888253
OA,1.7857142857142858,1.0,0.01296540736337666,-0.27016076449195325,0.6637975077161603
OA,1.7857142857142858,2.0,0.01346070128463376,-0.28322177595354736,0.769815230220642
OA,1.7857142857142858,3.0,0.011080790902284436,-0.24298996597943429,0.6518976222712669
OA,1.7857142857142858,4.0,0.021398848630080194,-0.40971021974614685,1.3144759635484382
OA,1.7857142857142858,5.0,0.005190476339452937,-0.13795567421895655,0.23464810527581598
OA,1.7857142857142858,6.0,0.01809091126206753,-0.38048387488250257,1.0891927031479265
OA,1.7857142857142858,7.0,-0.010282728651167652,0.00262953192681378,-0.44659387157507313
OA,1.7857142857142858,8.0,-0.06106924665740629,0.6428134177382603,-2.767139068777089
OA,1.7857142857142858,9.0,-0.22463339309326244,2.76248034709382,-10.112940863107617
OA,1.7857142857142858,10.0,-0.481041609633429,6.598196956450025,-27.68400363936034
OA,1.8181818181818181,-2.0,-0.04369022404306558,0.8676944762550758,-5.24686888674778
OA,1.8181818181818181,-1.0,0.009961214917311403,-0.20400994980525067,0.4268160224936782
OA,1.8181818181818181,0.0,0.016068229011576285,-0.2985318897181122,0.8522499520050754
OA,1.8181818181818181,1.0,0.0031412897315446268,-0.11986774916771767,0.3006574883301284
OA,1.8181818181818181,2.0,0.0037831892310764025,-0.1255727376981091,0.3505647243622946
OA,1.8181818181818181,3.0,-0.0016045841813143603,-0.03516360888563025,0.021913099311146284
OA,1.8181818181818181,4.0,0.004644585561686763,-0.131755966700086,0.401587379638623
OA,1.8181818181818181,5.0,-0.006661988081197102,0.03999612358513062,-0.2473631517277191
OA,1.8181818181818181,6.0,0.0018620569660884978,-0.09262641507874486,0.07460340480482762
OA,1.8181818181818181,7.0,-0.005321373319985808,0.007923619455061618,-0.5630169610401119
OA,1.8181818181818181,8.0,-0.02520680616557222,0.29497737176571337,-2.001104987599466
OA,1.8181818181818181,9.0,-0.07242351223847701,1.0905502158091336,-6.156803994379091
OA,1.8518518518518519,-3.0,1.2630062569594637e-06,-0.0071199008914381075,-0.48895761885781075
OA,1.8518518518518519,-2.0,0.009576442566100834,-0.19657058944473937,0.5388071171061759
OA,1.8518518518518519,-1.0,0.010364402338757465,-0.20352388926779488,0.6253161954644345
OA,1.8518518518518519,0.0,0.011260259122975,-0.22333115920203128,0.7605102778487637
OA,1.8518518518518519,1.0,0.004909028146578005,-0.12812817308753177,0.4399289317684101
OA,1.8518518518518519,2.0,0.0016209372444551656,-0.07682040833304538,0.2655137035465057
OA,1.8518518518518519,3.0,-0.007119654485892812,0.05216379748800261,-0.2014400829582209
OA,1.8518518518518519,4.0,-0.0021050541307413998,-0.011957373039452887,-0.06950542260487765
OA,1.8518518518518519,5.0,-0.007475086821238345,0.07557457687251748,-0.4868440266088695
OA,1.8518518518518519,6.0,-0.008904596002037548,0.12643359570633844,-0.9065156962060724
OA,1.8518518518518519,7.0,-0.00483768717292672,0.10867807274462865,-1.2667141049847013
OA,1.8518518518518519,8.0,-0.009977035912102354,0.2265269971554683,-2.4697210873807474
OA,1.8867924528301887,-5.0,-0.04922486813138991,0.9561389330112988,-5.561053813283337
OA,1.8867924528301887,-4.0,0.004935621152893709,-0.11226171900495582,0.19728346281691755
OA,1.8867924528301887,-3.0,0.006501703633529848,-0.14350447662249033,0.4608675446900816
OA,1.8867924528301887,-2.0,0.004886062218870886,-0.12303338208341552,0.46699330965611363
OA,1.8867924528301887,-1.0,0.004624028303972122,-0.12109258285393432,0.495800983565947
OA,1.8867924528301887,0.0,-0.0022685773721889237,-0.01959465355156548,0.14694958850347684
OA,1.8867924528301887,1.0,-0.005236364424768814,0.03338939861052276,-0.11931715699431909
OA,1.8867924528301887,2.0,-0.009527984499156207,0.10541897254076732,-0.4849968971194709
OA,1.8867924528301887,3.0,-0.0023684544060891093,0.004545434782581728,-0.26349173232191236
OA,1.8867924528301887,4.0,0.0088025725594566,-0.12947715250473535,-0.03369655808088361
OA,1.8867924528301887,5.0,-0.0027140701024501983,0.06940170944708188,-1.0074939518174246
OA,1.8867924528301887,6.0,-0.0034519261737727854,0.09776014426003038,-1.3974963156106643
OA,1.8867924528301887,7.0,-0.020924837354816483,0.37941396027063,-2.8943714292976557
OA,1.8867924528301887,8.0,-0.056170496623544494,1.1097279501874477,-9.408083589861626
OA,1.9230769230769231,-6.0,-0.0012178604259636349,-0.024242839691551783,-0.18785532703238234
OA,1.9230769230769231,-5.0,0.010128766222406084,-0.1954213048547354,0.6513676916290225
OA,1.9230769230769231,-4.0,0.0033178625693270243,-0.08843340047210163,0.35384699332772884
OA,1.9230769230769231,-3.0,0.004926176909742325,-0.10577788368829599,0.4341211147163222
OA,1.9230769230769231,-2.0,-0.007802948536011484,0.08397942908202619,-0.2490277958021463
OA,1.9230769230769231,-1.0,-7.833683943564773e-05,-0.03670753030591182,0.1341801976128631
OA,1.9230769230769231,0.0,0.004264333441758953,-0.08808657912387796,0.17458665806719476
OA,1.9230769230769231,1.0,-0.003112314340879621,0.04288191087988215,-0.5016012401301035
OA,1.9230769230769231,2.0,0.00349366730144994,-0.04068538780145942,-0.39539751385358013
OA,1.9230769230769231,3.0,-7.27301527875514e-05,0.03536490215032848,-0.9552850305897627
OA,1.9230769230769231,4.0,-0.009030445542404009,0.17884972540830674,-1.7631740750641856
OA,1.9230769230769231,5.0,-0.014511874563913226,0.27826286925251825,-2.614637929051681
OA,1.9230769230769231,6.0,-0.0239653744216652,0.4186117746218134,-4.3037066718875
OA,1.9607843137254901,-8.0,-0.0013987864467380623,0.07014769192963849,-1.1710747738958345
OA,1.9607843137254901,-7.0,0.011129996962959327,-0.19348869044305816,0.5146273455669825
OA,1.9607843137254901,-6.0,0.004758266818172211,-0.1034214792947887,0.38560375287915494
OA,1.9607843137254901,-5.0,0.0007140424326212027,-0.031846638812493264,0.14269972498622735
OA,1.9607843137254901,-4.0,-0.009309714924970514,0.1268204675138421,-0.4488694881725359
OA,1.9607843137254901,-3.0,-0.0005973715410350811,-0.010919036926504085,0.00550195990441857
OA,1.9607843137254901,-2.0,-0.0030745156061377918,0.03823370254318781,-0.33421855514355747
OA,1.9607843137254901,-1.0,0.0015656444510747233,-0.018781390470437462,-0.31342804240641403
OA,1.9607843137254901,0.0,0.00864511630138319,-0.10284144261715217,-0.2694774314993771
OA,1.9607843137254901,1.0,0.0020855428360147983,0.018818654552177665,-0.991552174191535
OA,1.9607843137254901,2.0,-0.014046193945605216,0.2595526632583407,-2.195104672673125
OA,1.9607843137254901,3.0,-0.0100877208604761,0.21348122702794786,-2.5654514585100414
OA,1.9607843137254901,4.0,-0.034770553557235524,0.5617709847398376,-5.0349288625750095
OA,2.0,-9.0,0.037550133059903325,-0.5528968167834177,1.1078647310058505
OA,2.0,-8.0,0.017990910438271175,-0.24169428666655612,0.42750525819585894
OA,2.0,-7.0,0.010987032064276567,-0.14648784576870943,0.369033422350189
OA,2.0,-6.0,-0.0017345167586870322,0.03382634168162399,-0.1831163782553883
OA,2.0,-5.0,0.002150124549721003,-0.027396498848070244,-0.023335523919616807
OA,2.0,-4.0,-0.008085335652146274,0.13103143259338348,-0.7299813566823945
OA,2.0,-3.0,0.0014560058943877646,-2.0514967511336042e-05,-0.4715616061707715
OA,2.0,-2.0,-0.0036714518887555497,0.08491921778552824,-1.0187735503216464
OA,2.0,-1.0,-0.01677254115902261,0.2990844188106495,-2.1000449172902007
OA,2.0,0.0,-0.024728757638555456,0.4344194820156197,-3.0123580083910984
OA,2.0,1.0,-0.0064486113974417635,0.1578633213234536,-2.6148606116263498
OA,2.0,2.0,-0.05205901833676993,0.6373920590393674,-5.664567815830965
OA,2.0408163265306123,-10.0,0.02673342417734436,-0.38063061593446323,-0.00025975625397030815
OA,2.0408163265306123,-9.0,0.008944776696545309,-0.10903497726683156,-0.2715481434270395
OA,2.0408163265306123,-8.0,0.005192397555376661,-0.0552594117333349,-0.12264252640656256
OA,2.0408163265306123,-7.0,-0.004122907937226389,0.07409579205674019,-0.4498052967458617
OA,2.0408163265306123,-6.0,0.0055705148655456355,-0.06651832522641156,-0.06582728424396236
OA,2.0408163265306123,-5.0,-0.0019258491935333405,0.06018685860032079,-0.7688858645183401
OA,2.0408163265306123,-4.0,-0.006565137891604541,0.1388523529837173,-1.3427766993757404
OA,2.0408163265306123,-3.0,-0.007754866298622447,0.15804740761952682,-1.7352622243923184
OA,2.0408163265306123,-2.0,-0.031505475662452445,0.5312992962088474,-3.5643792490651602
OA,2.0408163265306123,-1.0,-0.02825003844929886,0.4523702731674982,-4.010201642420453
OA,2.0833333333333335,-11.0,-0.0028110015412728855,0.015952144123452514,-2.1831560985358696
OA,2.0833333333333335,-10.0,-0.021918451446758955,0.34088034612712487,-2.297859198020732
OA,2.0833333333333335,-9.0,-0.025180058318009988,0.3616448461355679,-1.919102892308184
OA,2.0833333333333335,-8.0,0.0031955126781141197,-0.06354045765688746,-0.2764887432849136
OA,2.0833333333333335,-7.0,-0.00259989728607048,0.058540119277887284,-0.8680258792884119
OA,2.0833333333333335,-6.0,-0.017861692001737525,0.3073734886198866,-2.1080819806944775
OA,2.0833333333333335,-5.0,-0.03224603534731471,0.545452391223461,-3.4173351693005296
OA,2.0833333333333335,-4.0,-0.0401017289981839,0.6552092700217735,-4.384543299963207
OA,2.0833333333333335,-3.0,-0.03502195327176259,0.4189298201996381,-4.4077858382548385
OA,2.127659574468085,-12.0,-7.9512690897872345,14.82219869321877,153.6595444063256
OA,2.127659574468085,-11.0,-0.0640959388830118,0.7786993613510125,-4.246665287860848
OA,2.127659574468085,-10.0,-0.01834579192830622,0.018847264161468466,-1.0247657198536024
OA,2.127659574468085,-9.0,-0.012549355352485074,0.009412286868384787,-1.2805818241835039
OA,2.127659574468085,-8.0,-0.011260710036176215,0.1005466638354124,-1.7536125542832126
OA,2.127659574468085,-7.0,-0.013058920280592004,0.21676047495110345,-2.539679162865934
OA,2.127659574468085,-6.0,-0.023414456643963626,0.2898240506486371,-3.4677591657670908
OA,2.127659574468085,-5.0,-25.796157148831867,294.4339017336945,-845.1087147594922
OA,2.1739130434782608,-12.0,-23.466696120099094,267.4196569242898,-765.2456189116278
SG,1.639344262295082,2.0,-89.48432640196714,1369.0836225972503,-5244.509044887616
SG,1.6666666666666667,2.0,0.16599098660164974,-2.633255430834719,4.897285535954414
SG,1.694915254237288,1.0,0.03260909287501576,-0.507085204878746,-3.2969245451181353
SG,1.694915254237288,2.0,-38.36961189706153,611.1958271078829,-2436.964947741404
SG,1.694915254237288,4.0,-0.9963511913626762,15.376107634475524,-65.32898235449937
SG,1.7241379310344827,0.0,-0.12685117031228169,2.326762253236727,-15.02489392600594
SG,1.7241379310344827,1.0,-0.006084173527379208,0.1924192705237382,-6.542723902763052
SG,1.7241379310344827,2.0,-0.0676648866018152,1.2389317375786115,-7.615502054119906
SG,1.7241379310344827,3.0,-0.04760532179864514,0.689241552443048,-3.8584524759961703
SG,1.7241379310344827,4.0,-0.34316333319621983,4.8167805860944775,-18.89503486534135
SG,1.7241379310344827,5.0,-32.603045657304776,471.8213973088136,-1708.113620236212
SG,1.7543859649122806,-1.0,1.5441656687074505,-2.261926095481066,-131.19787283637868
SG,1.7543859649122806,0.0,-0.01879510391628205,0.44271862059930944,-5.1705609885881305
SG,1.7543859649122806,1.0,-0.035741095353400004,0.65241111384186,-4.02052856030909
SG,1.7543859649122806,2.0,-0.06620726260019881,1.067444132999198,-5.023577598481146
SG,1.7543859649122806,3.0,-0.029661322341485587,0.3406034671808529,-1.9533907404734534
SG,1.7543859649122806,4.0,-0.10231398173038667,1.1171261615798442,-4.3628699691156
SG,1.7543859649122806,5.0,-34.328720935266446,497.5407018273846,-1801.6763909134484
SG,1.7857142857142858,-1.0,-0.05157798486021976,0.9491986324491147,-6.96449262668123
SG,1.7857142857142858,0.0,-0.02732881288852873,0.4701340961779949,-2.676887091486487
SG,1.7857142857142858,1.0,-0.03656354949048316,0.5676352012277144,-2.771115247764833
SG,1.7857142857142858,2.0,-0.02860009847907989,0.4159605694634444,-2.0549441329686156
SG,1.7857142857142858,3.0,-0.021974982019200118,0.27043821160059767,-1.607755625616249
SG,1.7857142857142858,4.0,-0.04923995509596647,0.5260816318585555,-2.5636570172692004
SG,1.7857142857142858,5.0,-0.9801697179274436,13.706555318397207,-50.00753631611087
SG,1.7857142857142858,6.0,-2.5107588371304796,-14.315492376643682,213.03339536833727
SG,1.8181818181818181,-2.0,-0.03933026191215254,0.7546256472322128,-4.4323153763302665
SG,1.8181818181818181,-1.0,-0.022638824706943356,0.35874733367000955,-1.9191384771438567
SG,1.8181818181818181,0.0,-0.013127415711950356,0.18408689853349913,-1.0879445473467064
SG,1.8181818181818181,1.0,-0.03693960381377319,0.5698516990563276,-2.5633713896863997
SG,1.8181818181818181,2.0,-0.006447950253133989,0.08208805730860973,-0.6197177558249538
SG,1.8181818181818181,3.0,-0.014354303929448971,0.15681045685330108,-0.9718020921409274
SG,1.8181818181818181,4.0,-0.023536252203650687,0.18976819029849537,-1.1550541564951238
SG,1.8181818181818181,5.0,-0.09752330898964404,0.8583982270763606,-2.8623882397766462
SG,1.8181818181818181,6.0,-32.075391679126156,463.6975333684434,-1675.519901186113
SG,1.8518518518518519,-4.0,-39.598696979476784,575.8334811044729,-2097.172219421754
SG,1.8518518518518519,-3.0,-0.04615489304488547,0.7565519687457221,-3.537849086525063
SG,1.8518518518518519,-2.0,-0.023156228498516396,0.3631877643426163,-1.7579162806583573
SG,1.8518518518518519,-1.0,-0.03216775564905418,0.5014266308402432,-2.243668561796005
SG,1.8518518518518519,0.0,0.015323592041214834,-0.28400392108759764,0.9965239112323689
SG,1.8518518518518519,1.0,-0.005007723483474209,0.04292503896988832,-0.2694529733077475
SG,1.8518518518518519,2.0,0.018460553449854485,-0.33977458112346737,1.2857612954236044
SG,1.8518518518518519,3.0,0.018614019926539705,-0.35474463372434434,1.1658920638288421
SG,1.8518518518518519,4.0,-0.006748763297166378,0.024712411827968725,-0.6609105038429155
SG,1.8518518518518519,5.0,-0.09076422811148024,1.2041732465202317,-5.527188323337425
SG,1.8518518518518519,6.0,-0.7656276519831717,11.497902206032283,-47.59747561487116
SG,1.8867924528301887,-5.0,-0.028239270734514495,0.5690031458840903,-3.5624713452017036
SG,1.8867924528301887,-4.0,-0.04023581301073122,0.6575033516213444,-3.0022964708088313
SG,1.8867924528301887,-3.0,-0.011460522688506477,0.18169380286001477,-0.9504493800356855
SG,1.8867924528301887,-2.0,-0.016501010220599664,0.24348626695327397,-1.0575457818318053
SG,1.8867924528301887,-1.0,-0.005560167049223441,0.049594487027133635,-0.1756922500789238
SG,1.8867924528301887,0.0,-0.0029693411026337014,0.007442697565953333,0.004684038189400941
SG,1.8867924528301887,1.0,-0.007420511322876355,0.07653564987862269,-0.313734199957753
SG,1.8867924528301887,2.0,-0.01421394353303502,0.20258206968202788,-0.9492633997310149
SG,1.8867924528301887,3.0,-0.012166187421662401,0.19213264217913653,-1.1163060879458144
SG,1.8867924528301887,4.0,-0.03073875218882903,0.5181794316526662,-2.8767961808407385
SG,1.8867924528301887,5.0,-0.037756221212073726,0.6816269777674451,-4.5977574374325805
SG,1.9230769230769231,-6.0,-0.03039245019997089,0.4858831370454628,-2.3327547511536206
SG,1.9230769230769231,-5.0,-0.02956654311093103,0.4827481193376718,-2.1645951809245965
SG,1.9230769230769231,-4.0,0.0013436258658380373,-0.03644017894423014,0.08884071154829698
SG,1.9230769230769231,-3.0,0.021759838976736792,-0.3849541527088935,1.591047744108106
SG,1.9230769230769231,-2.0,0.005417378148728415,-0.1185921884719648,0.5296611287200848
SG,1.9230769230769231,-1.0,0.0023321493459949215,-0.08005346991973317,0.35092429587978297
SG,1.9230769230769231,0.0,-0.012438289824724613,0.18294401733074644,-0.8855680611791592
SG,1.9230769230769231,1.0,-0.028905528807512775,0.4704222665056719,-2.2330528770395235
SG,1.9230769230769231,2.0,-0.023122710929403545,0.397336983352373,-2.137855519692767
SG,1.9230769230769231,3.0,0.010292918869535459,-0.12946518549322766,-0.3178460055931253
SG,1.9230769230769231,4.0,-0.007347387052827567,0.1671668745848277,-1.7874631754564305
SG,1.9230769230769231,5.0,0.000843180149661039,0.0888802081326223,-3.146728052256865
SG,1.9607843137254901,-8.0,-0.01213385033525875,0.3047490079700055,-3.047553157429415
SG,1.9607843137254901,-7.0,-0.023128513020653916,0.45662746116251585,-2.659553087128488
SG,1.9607843137254901,-6.0,-0.0167790633157726,0.29682397046836473,-1.4483089869730097
SG,1.9607843137254901,-5.0,0.007334214393586001,-0.13026039429928835,0.5195662520618225
SG,1.9607843137254901,-4.0,-0.027724176152091145,0.4379744257090141,-1.7287419471612129
SG,1.9607843137254901,-3.0,-0.007143122780213251,0.10530799838076108,-0.48387100478206857
SG,1.9607843137254901,-2.0,-0.0023851887723126634,0.03487814493129851,-0.3391336309844769
SG,1.9607843137254901,-1.0,0.00833537258563393,-0.1225694406712721,0.08239702316176559
SG,1.9607843137254901,0.0,-0.04087330407561839,0.7099592996531006,-3.5246326946359554
SG,1.9607843137254901,1.0,-0.020414020842185597,0.38706940803408346,-2.5022615323649573
SG,1.9607843137254901,2.0,0.018463726587720806,-0.2730143487841601,-0.041145251613970264
SG,1.9607843137254901,3.0,-0.017316858633773198,0.28139845926569407,-2.673390621591192
SG,1.9607843137254901,4.0,0.0021398288498331356,-0.05487624588238668,-2.8767636939980314
SG,2.0,-9.0,0.02611829775052537,-0.4405560746598125,-0.7341792459143772
SG,2.0,-8.0,0.022744894570909877,-0.3067637458449345,0.09886302004251313
SG,2.0,-7.0,0.013356009063172254,-0.1880757417057681,0.29374909494931034
SG,2.0,-6.0,-0.013424308935173332,0.26107977547263794,-1.2729480671388012
SG,2.0,-5.0,-0.008077157063466777,0.14803440979716992,-0.734505077272553
SG,2.0,-4.0,-0.0018363504509085326,0.0601957034380061,-0.5700187401992483
SG,2.0,-3.0,0.003588727444666758,-0.03408419856595396,-0.34403690565925327
SG,2.0,-2.0,-0.012293913135567758,0.2442240965033879,-1.7109795942108408
SG,2.0,-1.0,-0.019660734180562158,0.3571478319860957,-2.3680057484141095
SG,2.0,0.0,0.008285222660218174,-0.10743416579014722,-0.8686617849795821
SG,2.0,1.0,0.0005330299836915633,0.013681421530786322,-1.9624498861554232
SG,2.0,2.0,-0.09334530998169921,1.0115970538772554,-6.855212949512026
SG,2.0408163265306123,-9.0,0.021322177827422503,-0.36979850627452293,-0.04413618210021277
SG,2.0408163265306123,-8.0,0.03611593950556366,-0.6166976814437992,1.7907348643361436
SG,2.0408163265306123,-7.0,0.017413512935197717,-0.28396865378083835,0.6592521233631544
SG,2.0408163265306123,-6.0,0.012796412579656288,-0.18521377052209761,0.32846555499265884
SG,2.0408163265306123,-5.0,0.014578610076570655,-0.2121309278935879,0.31163206603032917
SG,2.0408163265306123,-4.0,-0.0049804654523335065,0.11019125400755583,-1.2227106908761147
SG,2.0408163265306123,-3.0,0.00904879027653448,-0.12029748599424911,-0.5855053412506919
SG,2.0408163265306123,-2.0,0.02177430675252752,-0.34114484188166705,-0.12122901131009567
SG,2.0408163265306123,-1.0,0.0037890532082689565,-0.07286201133455483,-2.0217557311351295
SG,2.0833333333333335,-10.0,-35.56722650094618,516.0943282417137,-1873.2540660237569
SG,2.0833333333333335,-9.0,0.0686570185966899,-1.3808114818445867,4.567639030867182
SG,2.0833333333333335,-8.0,0.03272706796763289,-0.6823375115768475,1.6816634047031918
SG,2.0833333333333335,-7.0,0.047900563115369665,-0.8593030641073852,2.4971028854828186
SG,2.0833333333333335,-6.0,0.01933105093407212,-0.3118570263792176,0.3227906104103545
SG,2.0833333333333335,-5.0,0.026141703377890818,-0.40811898184332157,0.3749956172292095
SG,2.0833333333333335,-4.0,-0.013119048252874754,0.2258575520279706,-2.757030476001709
SG,2.0833333333333335,-3.0,0.05619760682200321,-0.9904631587498949,0.7562729518271721
SG,2.127659574468085,-6.0,-0.02197288324644705,0.26692176565496845,-3.4870450687295875
